category,keyword,count
Active Life,the,206
Active Life,and,128
Active Life,room,69
Active Life,was,62
Active Life,this,48
Active Life,escape,44
Active Life,with,41
Active Life,but,40
Active Life,for,38
Active Life,were,35
American (New),the,1252
American (New),and,887
American (New),was,526
American (New),for,323
American (New),with,234
American (New),that,205
American (New),but,184
American (New),this,183
American (New),food,175
American (New),had,175
American (Traditional),the,1731
American (Traditional),and,1258
American (Traditional),was,828
American (Traditional),for,361
American (Traditional),had,291
American (Traditional),but,277
American (Traditional),with,270
American (Traditional),they,263
American (Traditional),food,262
American (Traditional),this,255
Amusement Parks,the,136
Amusement Parks,and,112
Amusement Parks,was,46
Amusement Parks,for,44
Amusement Parks,that,34
Amusement Parks,were,33
Amusement Parks,not,28
Amusement Parks,they,28
Amusement Parks,but,25
Amusement Parks,kids,24
Arts & Entertainment,and,51
Arts & Entertainment,the,48
Arts & Entertainment,there,21
Arts & Entertainment,for,17
Arts & Entertainment,they,15
Arts & Entertainment,you,14
Arts & Entertainment,this,14
Arts & Entertainment,was,13
Arts & Entertainment,but,13
Arts & Entertainment,with,12
Asian Fusion,the,407
Asian Fusion,and,302
Asian Fusion,was,148
Asian Fusion,food,105
Asian Fusion,for,105
Asian Fusion,they,84
Asian Fusion,this,77
Asian Fusion,with,72
Asian Fusion,not,70
Asian Fusion,you,67
Automotive,the,2429
Automotive,and,1786
Automotive,was,782
Automotive,for,639
Automotive,that,462
Automotive,they,444
Automotive,but,420
Automotive,with,414
Automotive,you,398
Automotive,food,394
Bagels,the,44
Bagels,and,44
Bagels,bagel,32
Bagels,was,26
Bagels,for,20
Bagels,this,18
Bagels,but,17
Bagels,breakfast,14
Bagels,not,12
Bagels,place,12
Bakeries,and,55
Bakeries,the,53
Bakeries,that,16
Bakeries,you,15
Bakeries,was,14
Bakeries,this,13
Bakeries,place,13
Bakeries,but,13
Bakeries,for,12
Bakeries,cuban,11
Barbeque,the,411
Barbeque,and,246
Barbeque,was,141
Barbeque,for,89
Barbeque,that,86
Barbeque,but,75
Barbeque,with,63
Barbeque,you,59
Barbeque,this,56
Barbeque,they,54
Barbers,the,304
Barbers,and,244
Barbers,was,104
Barbers,for,79
Barbers,you,70
Barbers,this,58
Barbers,hair,58
Barbers,that,58
Barbers,with,56
Barbers,they,54
Bars,the,32063
Bars,and,20083
Bars,was,12801
Bars,for,6661
Bars,with,4710
Bars,but,4632
Bars,had,4493
Bars,that,4436
Bars,you,4416
Bars,were,4199
Beauty & Spas,the,167
Beauty & Spas,and,157
Beauty & Spas,was,86
Beauty & Spas,for,59
Beauty & Spas,cut,55
Beauty & Spas,barber,50
Beauty & Spas,this,46
Beauty & Spas,great,39
Beauty & Spas,hair,37
Beauty & Spas,haircut,36
Beer,the,1507
Beer,and,1181
Beer,beer,402
Beer,was,397
Beer,they,376
Beer,for,376
Beer,you,369
Beer,that,296
Beer,this,281
Beer,but,269
Breakfast & Brunch,the,2955
Breakfast & Brunch,and,2225
Breakfast & Brunch,was,992
Breakfast & Brunch,for,658
Breakfast & Brunch,with,508
Breakfast & Brunch,but,464
Breakfast & Brunch,they,463
Breakfast & Brunch,this,457
Breakfast & Brunch,that,426
Breakfast & Brunch,food,410
Breweries,the,56
Breweries,and,35
Breweries,you,16
Breweries,food,16
Breweries,they,15
Breweries,with,14
Breweries,that,14
Breweries,was,12
Breweries,beer,11
Breweries,this,11
Buffets,the,114
Buffets,and,111
Buffets,was,55
Buffets,for,36
Buffets,food,34
Buffets,not,28
Buffets,buffet,28
Buffets,that,24
Buffets,you,23
Buffets,this,22
Burgers,the,5822
Burgers,and,3776
Burgers,was,1995
Burgers,for,1349
Burgers,but,1047
Burgers,with,917
Burgers,that,917
Burgers,they,893
Burgers,burger,891
Burgers,you,855
Cajun/Creole,the,1573
Cajun/Creole,and,1026
Cajun/Creole,was,670
Cajun/Creole,for,325
Cajun/Creole,with,247
Cajun/Creole,were,233
Cajun/Creole,but,228
Cajun/Creole,that,224
Cajun/Creole,seafood,220
Cajun/Creole,this,219
Caribbean,the,76
Caribbean,and,56
Caribbean,was,21
Caribbean,you,15
Caribbean,were,12
Caribbean,had,11
Caribbean,chicken,11
Caribbean,that,11
Caribbean,pepper,10
Caribbean,jerk,10
Caterers,the,71
Caterers,and,50
Caterers,they,27
Caterers,for,13
Caterers,with,12
Caterers,was,12
Caterers,their,11
Caterers,sandwich,11
Caterers,are,11
Caterers,have,11
Chicken Wings,the,543
Chicken Wings,and,386
Chicken Wings,pizza,281
Chicken Wings,was,178
Chicken Wings,for,146
Chicken Wings,that,107
Chicken Wings,they,103
Chicken Wings,this,97
Chicken Wings,not,97
Chicken Wings,you,91
Chinese,the,745
Chinese,and,547
Chinese,was,249
Chinese,food,196
Chinese,for,156
Chinese,this,131
Chinese,they,120
Chinese,not,108
Chinese,chinese,107
Chinese,chicken,105
Chocolatiers & Shops,the,59
Chocolatiers & Shops,and,35
Chocolatiers & Shops,chocolate,30
Chocolatiers & Shops,for,17
Chocolatiers & Shops,you,14
Chocolatiers & Shops,they,14
Chocolatiers & Shops,was,13
Chocolatiers & Shops,with,12
Chocolatiers & Shops,chocolates,10
Chocolatiers & Shops,this,10
Cocktail Bars,the,527
Cocktail Bars,and,344
Cocktail Bars,was,198
Cocktail Bars,for,104
Cocktail Bars,with,90
Cocktail Bars,were,82
Cocktail Bars,bar,82
Cocktail Bars,that,80
Cocktail Bars,they,79
Cocktail Bars,food,75
Coffee & Tea,the,3299
Coffee & Tea,and,2531
Coffee & Tea,was,934
Coffee & Tea,for,773
Coffee & Tea,coffee,761
Coffee & Tea,they,649
Coffee & Tea,this,591
Coffee & Tea,that,577
Coffee & Tea,you,551
Coffee & Tea,but,529
Comfort Food,the,246
Comfort Food,and,212
Comfort Food,was,95
Comfort Food,this,63
Comfort Food,with,51
Comfort Food,food,51
Comfort Food,for,49
Comfort Food,that,41
Comfort Food,noodles,40
Comfort Food,you,38
Cupcakes,the,305
Cupcakes,and,232
Cupcakes,was,88
Cupcakes,but,68
Cupcakes,that,67
Cupcakes,with,66
Cupcakes,for,64
Cupcakes,you,60
Cupcakes,this,58
Cupcakes,they,53
Custom Cakes,the,70
Custom Cakes,and,43
Custom Cakes,you,27
Custom Cakes,cream,24
Custom Cakes,was,22
Custom Cakes,ice,22
Custom Cakes,with,19
Custom Cakes,for,16
Custom Cakes,this,13
Custom Cakes,cake,9
Delis,the,1204
Delis,and,830
Delis,was,315
Delis,for,276
Delis,this,261
Delis,they,234
Delis,you,231
Delis,that,214
Delis,but,193
Delis,have,167
Desserts,the,1721
Desserts,and,1234
Desserts,was,880
Desserts,for,428
Desserts,with,308
Desserts,that,270
Desserts,had,269
Desserts,were,268
Desserts,this,254
Desserts,but,244
Diners,the,1339
Diners,and,1094
Diners,was,521
Diners,for,340
Diners,food,292
Diners,with,246
Diners,this,228
Diners,but,227
Diners,that,223
Diners,good,211
Discount Store,the,85
Discount Store,and,50
Discount Store,this,24
Discount Store,that,22
Discount Store,was,20
Discount Store,for,19
Discount Store,are,18
Discount Store,they,16
Discount Store,store,14
Discount Store,have,14
Donuts,the,293
Donuts,and,229
Donuts,donuts,102
Donuts,was,94
Donuts,they,74
Donuts,this,69
Donuts,that,68
Donuts,donut,61
Donuts,for,57
Donuts,you,53
Eatertainment,the,440
Eatertainment,and,316
Eatertainment,was,130
Eatertainment,for,106
Eatertainment,with,101
Eatertainment,this,82
Eatertainment,you,78
Eatertainment,that,74
Eatertainment,but,69
Eatertainment,were,65
Electronics,the,114
Electronics,and,80
Electronics,for,34
Electronics,they,32
Electronics,you,32
Electronics,store,28
Electronics,was,26
Electronics,that,21
Electronics,have,20
Electronics,but,20
Event Planning & Services,the,6741
Event Planning & Services,and,4542
Event Planning & Services,was,2750
Event Planning & Services,for,1463
Event Planning & Services,with,1102
Event Planning & Services,but,984
Event Planning & Services,were,946
Event Planning & Services,that,926
Event Planning & Services,had,864
Event Planning & Services,this,857
Farmers Market,the,63
Farmers Market,and,52
Farmers Market,they,32
Farmers Market,produce,23
Farmers Market,for,19
Farmers Market,this,16
Farmers Market,are,16
Farmers Market,you,15
Farmers Market,prices,13
Farmers Market,have,13
Fast Food,the,640
Fast Food,and,346
Fast Food,this,180
Fast Food,was,154
Fast Food,they,141
Fast Food,that,118
Fast Food,you,116
Fast Food,not,115
Fast Food,for,112
Fast Food,one,76
Festivals,the,71
Festivals,and,43
Festivals,food,20
Festivals,was,18
Festivals,for,17
Festivals,you,14
Festivals,truck,13
Festivals,there,12
Festivals,they,12
Festivals,but,10
Florists,the,50
Florists,and,39
Florists,for,17
Florists,was,17
Florists,this,15
Florists,schnucks,12
Florists,they,12
Florists,have,12
Florists,with,10
Florists,their,10
Flowers & Gifts,the,441
Flowers & Gifts,and,392
Flowers & Gifts,for,156
Flowers & Gifts,this,149
Flowers & Gifts,they,127
Flowers & Gifts,was,115
Flowers & Gifts,that,115
Flowers & Gifts,have,113
Flowers & Gifts,you,101
Flowers & Gifts,with,95
Food,the,6683
Food,and,4641
Food,was,1932
Food,for,1568
Food,they,1204
Food,this,1191
Food,you,1179
Food,that,1141
Food,but,1053
Food,with,1033
Food Trucks,the,53
Food Trucks,and,37
Food Trucks,churros,23
Food Trucks,they,20
Food Trucks,are,17
Food Trucks,was,14
Food Trucks,but,13
Food Trucks,not,11
Food Trucks,for,9
Food Trucks,churro,9
Gastropubs,the,972
Gastropubs,and,664
Gastropubs,was,393
Gastropubs,for,217
Gastropubs,with,181
Gastropubs,were,168
Gastropubs,but,161
Gastropubs,they,156
Gastropubs,food,144
Gastropubs,that,139
Gelato,the,53
Gelato,and,43
Gelato,they,19
Gelato,for,16
Gelato,you,15
Gelato,candy,13
Gelato,chocolate,12
Gelato,place,12
Gelato,with,12
Gelato,gelato,10
Golf,the,164
Golf,and,95
Golf,was,57
Golf,for,33
Golf,but,31
Golf,food,27
Golf,course,25
Golf,had,24
Golf,were,24
Golf,with,24
Greek,the,1579
Greek,and,1163
Greek,was,756
Greek,for,377
Greek,with,284
Greek,food,272
Greek,had,245
Greek,this,226
Greek,but,225
Greek,were,222
Grocery,the,879
Grocery,and,602
Grocery,they,256
Grocery,you,254
Grocery,for,243
Grocery,have,202
Grocery,this,192
Grocery,that,187
Grocery,store,173
Grocery,but,154
Hair Salons,the,261
Hair Salons,and,207
Hair Salons,was,109
Hair Salons,for,83
Hair Salons,you,77
Hair Salons,with,54
Hair Salons,that,54
Hair Salons,hair,41
Hair Salons,this,37
Hair Salons,haircut,34
Health & Medical,and,287
Health & Medical,the,178
Health & Medical,dawna,121
Health & Medical,she,117
Health & Medical,for,84
Health & Medical,her,83
Health & Medical,was,83
Health & Medical,that,82
Health & Medical,you,69
Health & Medical,with,65
Historical Tours,the,1039
Historical Tours,and,760
Historical Tours,was,556
Historical Tours,tour,430
Historical Tours,for,237
Historical Tours,this,200
Historical Tours,food,195
Historical Tours,our,191
Historical Tours,guide,188
Historical Tours,were,168
Hotels,the,744
Hotels,and,429
Hotels,was,260
Hotels,that,120
Hotels,not,111
Hotels,room,108
Hotels,were,107
Hotels,for,106
Hotels,but,98
Hotels,with,93
Ice Cream & Frozen Yogurt,the,2159
Ice Cream & Frozen Yogurt,and,1585
Ice Cream & Frozen Yogurt,cream,1128
Ice Cream & Frozen Yogurt,ice,1109
Ice Cream & Frozen Yogurt,was,889
Ice Cream & Frozen Yogurt,you,423
Ice Cream & Frozen Yogurt,for,406
Ice Cream & Frozen Yogurt,that,404
Ice Cream & Frozen Yogurt,but,403
Ice Cream & Frozen Yogurt,with,328
Indian,the,2956
Indian,and,1970
Indian,was,991
Indian,food,839
Indian,for,698
Indian,indian,543
Indian,but,517
Indian,that,504
Indian,this,495
Indian,you,484
Irish Pub,the,70
Irish Pub,and,54
Irish Pub,was,23
Irish Pub,you,18
Irish Pub,for,16
Irish Pub,that,14
Irish Pub,had,11
Irish Pub,but,10
Irish Pub,have,10
Irish Pub,very,9
Italian,the,5129
Italian,and,3370
Italian,was,2317
Italian,for,1128
Italian,with,881
Italian,had,786
Italian,were,745
Italian,but,743
Italian,that,700
Italian,this,683
Japanese,the,3685
Japanese,and,2610
Japanese,was,1406
Japanese,sushi,1018
Japanese,for,890
Japanese,that,641
Japanese,but,632
Japanese,this,620
Japanese,they,604
Japanese,with,548
Karaoke,the,78
Karaoke,and,69
Karaoke,our,33
Karaoke,was,31
Karaoke,with,23
Karaoke,tko,21
Karaoke,wedding,21
Karaoke,for,19
Karaoke,were,16
Karaoke,had,15
Kebab,the,503
Kebab,and,395
Kebab,was,206
Kebab,food,143
Kebab,this,111
Kebab,for,108
Kebab,that,89
Kebab,had,88
Kebab,they,85
Kebab,place,84
Korean,the,3452
Korean,and,2121
Korean,was,872
Korean,you,802
Korean,for,749
Korean,this,659
Korean,but,552
Korean,that,536
Korean,place,507
Korean,with,501
Latin American,the,1840
Latin American,and,1252
Latin American,was,821
Latin American,for,422
Latin American,with,364
Latin American,this,332
Latin American,but,300
Latin American,food,298
Latin American,that,267
Latin American,had,249
Live/Raw Food,the,14792
Live/Raw Food,and,8736
Live/Raw Food,was,5723
Live/Raw Food,for,2737
Live/Raw Food,but,2407
Live/Raw Food,crab,2331
Live/Raw Food,you,2044
Live/Raw Food,with,2000
Live/Raw Food,this,1959
Live/Raw Food,were,1697
Local Flavor,the,71
Local Flavor,and,47
Local Flavor,you,23
Local Flavor,there,15
Local Flavor,music,13
Local Flavor,have,13
Local Flavor,for,13
Local Flavor,that,12
Local Flavor,they,12
Local Flavor,was,12
Mediterranean,the,1831
Mediterranean,and,1190
Mediterranean,was,747
Mediterranean,for,380
Mediterranean,that,360
Mediterranean,with,332
Mediterranean,but,321
Mediterranean,had,259
Mediterranean,food,256
Mediterranean,they,238
Mexican,the,2147
Mexican,and,1546
Mexican,was,786
Mexican,for,447
Mexican,this,388
Mexican,food,375
Mexican,they,365
Mexican,but,335
Mexican,with,307
Mexican,were,304
Music Venues,the,689
Music Venues,and,481
Music Venues,was,257
Music Venues,for,219
Music Venues,that,172
Music Venues,this,137
Music Venues,they,127
Music Venues,were,126
Music Venues,but,118
Music Venues,not,116
Nightlife,the,7170
Nightlife,and,5282
Nightlife,was,3061
Nightlife,for,1682
Nightlife,with,1214
Nightlife,were,1104
Nightlife,but,1104
Nightlife,that,1079
Nightlife,this,1035
Nightlife,food,1002
Pakistani,the,1127
Pakistani,and,707
Pakistani,was,304
Pakistani,indian,289
Pakistani,for,279
Pakistani,food,258
Pakistani,buffet,200
Pakistani,you,197
Pakistani,this,174
Pakistani,but,167
Pasta Shops,the,1634
Pasta Shops,and,1210
Pasta Shops,was,593
Pasta Shops,for,400
Pasta Shops,with,307
Pasta Shops,pizza,288
Pasta Shops,but,262
Pasta Shops,food,249
Pasta Shops,that,227
Pasta Shops,this,220
Pizza,the,3564
Pizza,and,2620
Pizza,pizza,1487
Pizza,was,1262
Pizza,for,830
Pizza,they,762
Pizza,you,650
Pizza,this,645
Pizza,but,598
Pizza,that,591
Preschools,the,88
Preschools,and,55
Preschools,for,18
Preschools,are,17
Preschools,with,17
Preschools,you,14
Preschools,that,13
Preschools,they,12
Preschools,jcc,12
Preschools,pool,11
Professional Sports Teams,the,164
Professional Sports Teams,and,89
Professional Sports Teams,for,39
Professional Sports Teams,was,33
Professional Sports Teams,game,32
Professional Sports Teams,fuel,32
Professional Sports Teams,hockey,30
Professional Sports Teams,with,24
Professional Sports Teams,but,24
Professional Sports Teams,there,22
Pubs,the,80
Pubs,and,40
Pubs,was,23
Pubs,for,15
Pubs,have,14
Pubs,there,12
Pubs,with,10
Pubs,place,9
Pubs,good,8
Pubs,had,8
Ramen,the,486
Ramen,and,322
Ramen,was,235
Ramen,ramen,190
Ramen,for,90
Ramen,that,80
Ramen,with,77
Ramen,but,76
Ramen,were,60
Ramen,they,60
Restaurants,the,48367
Restaurants,and,32512
Restaurants,was,19229
Restaurants,for,10742
Restaurants,with,8044
Restaurants,but,7358
Restaurants,food,7006
Restaurants,that,6985
Restaurants,this,6921
Restaurants,they,6271
Salad,the,426
Salad,and,313
Salad,was,153
Salad,they,91
Salad,that,87
Salad,for,83
Salad,with,73
Salad,were,65
Salad,this,64
Salad,have,59
Sandwiches,the,1027
Sandwiches,and,636
Sandwiches,was,292
Sandwiches,for,221
Sandwiches,this,193
Sandwiches,that,174
Sandwiches,but,168
Sandwiches,you,151
Sandwiches,not,146
Sandwiches,they,145
Seafood,the,979
Seafood,and,738
Seafood,was,432
Seafood,for,256
Seafood,with,189
Seafood,were,163
Seafood,but,146
Seafood,had,144
Seafood,that,141
Seafood,they,136
Seafood Markets,the,378
Seafood Markets,and,264
Seafood Markets,was,140
Seafood Markets,you,81
Seafood Markets,for,80
Seafood Markets,crawfish,78
Seafood Markets,this,77
Seafood Markets,they,72
Seafood Markets,but,64
Seafood Markets,seafood,55
Shanghainese,the,227
Shanghainese,and,130
Shanghainese,was,80
Shanghainese,soup,47
Shanghainese,with,46
Shanghainese,food,46
Shanghainese,were,46
Shanghainese,for,44
Shanghainese,dumplings,43
Shanghainese,but,38
Shaved Ice,the,69
Shaved Ice,and,46
Shaved Ice,coffee,22
Shaved Ice,was,18
Shaved Ice,this,16
Shaved Ice,great,13
Shaved Ice,but,10
Shaved Ice,that,9
Shaved Ice,place,8
Shaved Ice,for,8
Shopping,the,560
Shopping,and,338
Shopping,they,132
Shopping,this,120
Shopping,for,119
Shopping,that,109
Shopping,you,109
Shopping,was,109
Shopping,are,96
Shopping,have,91
Soup,the,211
Soup,and,115
Soup,salad,60
Soup,was,49
Soup,for,45
Soup,they,40
Soup,this,39
Soup,but,35
Soup,that,31
Soup,are,30
Southern,the,299
Southern,and,263
Southern,was,148
Southern,for,83
Southern,you,60
Southern,food,59
Southern,with,59
Southern,salad,53
Southern,that,49
Southern,they,48
Specialty Food,the,435
Specialty Food,and,335
Specialty Food,was,180
Specialty Food,they,108
Specialty Food,that,94
Specialty Food,but,86
Specialty Food,for,86
Specialty Food,with,78
Specialty Food,you,74
Specialty Food,this,73
Sports Bars,the,1498
Sports Bars,and,1078
Sports Bars,was,664
Sports Bars,for,346
Sports Bars,with,278
Sports Bars,food,268
Sports Bars,that,247
Sports Bars,they,241
Sports Bars,were,234
Sports Bars,good,228
Steakhouses,the,5504
Steakhouses,and,3527
Steakhouses,was,2394
Steakhouses,for,1359
Steakhouses,that,854
Steakhouses,but,853
Steakhouses,with,821
Steakhouses,had,764
Steakhouses,you,756
Steakhouses,this,752
Street Vendors,the,305
Street Vendors,and,187
Street Vendors,was,137
Street Vendors,gyro,115
Street Vendors,they,66
Street Vendors,food,64
Street Vendors,that,64
Street Vendors,for,63
Street Vendors,this,60
Street Vendors,truck,49
Sushi Bars,the,1607
Sushi Bars,and,1097
Sushi Bars,was,649
Sushi Bars,for,357
Sushi Bars,sushi,309
Sushi Bars,tuna,260
Sushi Bars,with,253
Sushi Bars,but,249
Sushi Bars,were,245
Sushi Bars,this,225
Tacos,the,138
Tacos,and,123
Tacos,was,74
Tacos,for,35
Tacos,were,30
Tacos,food,28
Tacos,out,24
Tacos,they,23
Tacos,not,23
Tacos,this,22
Tapas Bars,the,218
Tapas Bars,and,138
Tapas Bars,wine,61
Tapas Bars,was,61
Tapas Bars,for,51
Tapas Bars,not,51
Tapas Bars,that,47
Tapas Bars,but,43
Tapas Bars,place,36
Tapas Bars,you,35
Tex-Mex,the,899
Tex-Mex,and,625
Tex-Mex,was,391
Tex-Mex,for,228
Tex-Mex,food,171
Tex-Mex,but,159
Tex-Mex,that,140
Tex-Mex,good,133
Tex-Mex,with,133
Tex-Mex,had,131
Thai,the,472
Thai,and,324
Thai,pho,146
Thai,was,124
Thai,for,79
Thai,this,74
Thai,but,64
Thai,with,62
Thai,food,60
Thai,that,57
Tours,the,328
Tours,tour,158
Tours,and,149
Tours,was,133
Tours,not,71
Tours,for,68
Tours,that,67
Tours,this,65
Tours,were,64
Tours,they,52
Trinidadian,the,801
Trinidadian,and,578
Trinidadian,was,378
Trinidadian,food,166
Trinidadian,for,158
Trinidadian,with,125
Trinidadian,this,123
Trinidadian,had,112
Trinidadian,but,106
Trinidadian,that,90
Vegan,the,1795
Vegan,and,1252
Vegan,was,673
Vegan,food,460
Vegan,for,416
Vegan,this,288
Vegan,they,250
Vegan,were,240
Vegan,with,240
Vegan,but,237
Venues & Event Spaces,the,14968
Venues & Event Spaces,and,8768
Venues & Event Spaces,was,4484
Venues & Event Spaces,for,3746
Venues & Event Spaces,you,3040
Venues & Event Spaces,that,2551
Venues & Event Spaces,this,2291
Venues & Event Spaces,hotel,2151
Venues & Event Spaces,but,2020
Venues & Event Spaces,room,1920
Vitamins & Supplements,the,65
Vitamins & Supplements,and,40
Vitamins & Supplements,smoothie,28
Vitamins & Supplements,was,23
Vitamins & Supplements,that,19
Vitamins & Supplements,smoothies,13
Vitamins & Supplements,not,13
Vitamins & Supplements,they,12
Vitamins & Supplements,but,10
Vitamins & Supplements,good,10
Wigs,and,67
Wigs,the,65
Wigs,was,25
Wigs,she,23
Wigs,that,21
Wigs,not,19
Wigs,you,14
Wigs,door,12
Wigs,her,11
Wigs,have,10
Yoga,the,192
Yoga,and,184
Yoga,you,74
Yoga,class,58
Yoga,have,51
Yoga,are,49
Yoga,for,47
Yoga,was,44
Yoga,that,44
Yoga,they,43
